{
    "NameTable": {
        "tb_top": [
            "tb_top",
            "jdPWL",
            "module",
            1
        ],
        "...MASTER...": [
            "SIM",
            "amcQw",
            "module",
            2
        ]
    },
    "cycles_program_begin": 1935224849954944,
    "cpu_cycles_pass2_start": 1935236162665313,
    "perf": [
        {
            "stat": [
                "main",
                "entry",
                0.013072013854980469,
                0.016175999999999999,
                0.016175999999999999,
                200724,
                200724,
                0.0,
                0.0,
                1664864351.893785,
                1935224850194548
            ],
            "sub": [
                {
                    "stat": [
                        "doParsingAndDesignResolution",
                        "entry",
                        4.1454710960388184,
                        0.022917,
                        0.019096999999999999,
                        210596,
                        211396,
                        0.0,
                        0.0,
                        1664864356.0261841,
                        1935235957760487
                    ],
                    "sub": []
                },
                {
                    "stat": [
                        "doParsingAndDesignResolution",
                        "exit",
                        4.1506268978118896,
                        0.028015999999999999,
                        0.019154999999999998,
                        211512,
                        212160,
                        0.0,
                        0.0,
                        1664864356.0313399,
                        1935235971663529
                    ],
                    "sub": []
                },
                {
                    "stat": [
                        "doPostDesignResolutionToVir2Vcs",
                        "entry",
                        4.1513550281524658,
                        0.028743000000000001,
                        0.019154999999999998,
                        211512,
                        212160,
                        0.0,
                        0.0,
                        1664864356.032068,
                        1935235973557585
                    ],
                    "sub": [
                        {
                            "stat": [
                                "doUptoVir2VcsNoSepCleanup",
                                "entry",
                                4.1538619995117188,
                                0.030925000000000001,
                                0.019328000000000001,
                                212640,
                                212640,
                                0.0,
                                0.0,
                                1664864356.034575,
                                1935235980297984
                            ],
                            "sub": []
                        },
                        {
                            "stat": [
                                "doUptoVir2VcsNoSepCleanup",
                                "exit",
                                4.1791040897369385,
                                0.035910999999999998,
                                0.025138000000000001,
                                214100,
                                226472,
                                0.0092829999999999996,
                                0.0046249999999999998,
                                1664864356.0598171,
                                1935236048174002
                            ],
                            "sub": []
                        },
                        {
                            "stat": [
                                "doRadify_vir2vcsAll",
                                "entry",
                                4.1791579723358154,
                                0.035943999999999997,
                                0.025160999999999999,
                                214100,
                                226472,
                                0.0092829999999999996,
                                0.0046249999999999998,
                                1664864356.059871,
                                1935236048268262
                            ],
                            "sub": []
                        },
                        {
                            "stat": [
                                "doRadify_vir2vcsAll",
                                "exit",
                                4.180851936340332,
                                0.036812999999999999,
                                0.025769,
                                214100,
                                226472,
                                0.0092829999999999996,
                                0.0046249999999999998,
                                1664864356.0615649,
                                1935236052861159
                            ],
                            "sub": []
                        }
                    ]
                },
                {
                    "stat": [
                        "doPostDesignResolutionToVir2Vcs",
                        "exit",
                        4.1808879375457764,
                        0.036833999999999999,
                        0.025784000000000001,
                        214100,
                        226472,
                        0.0092829999999999996,
                        0.0046249999999999998,
                        1664864356.0616009,
                        1935236052904604
                    ],
                    "sub": []
                },
                {
                    "stat": [
                        "doGAToPass2",
                        "entry",
                        4.1809029579162598,
                        0.036843000000000001,
                        0.02579,
                        214100,
                        226472,
                        0.0092829999999999996,
                        0.0046249999999999998,
                        1664864356.0616159,
                        1935236052941700
                    ],
                    "sub": [
                        {
                            "stat": [
                                "DoPass2",
                                "entry",
                                4.2216520309448242,
                                0.038029,
                                0.026620000000000001,
                                212544,
                                226472,
                                0.023102000000000001,
                                0.016969000000000001,
                                1664864356.102365,
                                1935236162648367
                            ],
                            "sub": []
                        },
                        {
                            "stat": [
                                "DoPass2",
                                "exit",
                                4.2415740489959717,
                                0.053741999999999998,
                                0.030710000000000001,
                                222324,
                                226472,
                                0.023102000000000001,
                                0.016969000000000001,
                                1664864356.122287,
                                1935236216076723
                            ],