{
    "stat": {
        "ru_self_end": {
            "ru_utime_sec": 0.036109000000000002,
            "ru_stime_sec": 0.049651000000000001,
            "ru_maxrss_kb": 116364,
            "ru_majflt": 0,
            "ru_minflt": 10714,
            "ru_nivcsw": 4,
            "ru_nvcsw": 44
        },
        "ru_childs_end": {
            "ru_utime_sec": 0.020393999999999999,
            "ru_stime_sec": 0.0064200000000000004,
            "ru_maxrss_kb": 103556,
            "ru_majflt": 0,
            "ru_minflt": 4288,
            "ru_nivcsw": 4,
            "ru_nvcsw": 26
        },
        "cpu_cycles_end": 1902749362750497,
        "peak_mem_kb": 225900
    },
    "ObjArchives": [
        {
            "archive": "archive.0/_204571_archive_1.a",
            "size": 162606,
            "objects": [
                [
                    "uPfLt_d.o",
                    11224
                ],
                [
                    "bnMwW_d.o",
                    24346
                ],
                [
                    "amcQwB.o",
                    127036
                ]
            ]
        }
    ],
    "Modules": {
        "tb_BinToBCD": {
            "Compiled": "Yes",
            "start_perf": [
                4.2265949249267578,
                0.031095999999999999,
                0.044422999999999997,
                222288,
                225900,
                1664852270.3802559,
                1902749335245720
            ],
            "child_modules": {},
            "Compiled Times": 1,
            "end_perf": [
                4.2331950664520264,
                0.034576000000000003,
                0.047542000000000001,
                222944,
                225900,
                1902749353043998,
                21474836481,
                0
            ],
            "nRouts": 62,
            "nQuads": 446,
            "nMops": 1315
        },
        "...MASTER...": {
            "start_perf": [
                4.2165870666503906,
                0.024725,
                0.040813000000000002,
                212008,
                225900,
                1664852270.3702481,
                1902749308334660
            ],
            "child_modules": {
                "BinToBCD_m1": 1,
                "tb_BinToBCD": 1
            },
            "end_perf": [
                4.218533992767334,
                0.024725,
                0.042734000000000001,
                215004,
                225900,
                1902749313597276,
                0,
                0
            ],
            "nRouts": 5,
            "nQuads": 0,
            "nMops": 0
        },
        "BinToBCD_m1": {
            "Compiled": "Yes",
            "start_perf": [
                4.2185919284820557,
                0.024725,
                0.042792999999999998,
                215004,
                225900,
                1664852270.3722529,
                1902749313726951
            ],
            "child_modules": {},
            "Compiled Times": 1,
            "end_perf": [
                4.2265589237213135,
                0.031081000000000001,
                0.044401999999999997,
                222288,
                225900,
                1902749335171673,
                8589934593,
                0
            ],
            "nRouts": 15,
            "nQuads": 90,
            "nMops": 374
        }
    },
    "CompUnits": {
        "uPfLt_d": {
            "text": 3212,
            "mod": "BinToBCD_m1",
            "bytes": 11224,
            "out": "uPfLt_d.o",
            "mode": 4,
            "checksum": 0,
            "archive": "archive.0/_204571_archive_1.a"
        },
        "amcQw_d": {
            "text": 426,
            "mod": "...MASTER...",
            "bytes": 7776,
            "out": "objs/amcQw_d.o",
            "mode": 4,
            "checksum": 0
        },
        "bnMwW_d": {
            "text": 10446,
            "mod": "tb_BinToBCD",
            "bytes": 24346,
            "out": "bnMwW_d.o",
            "mode": 4,
            "checksum": 0,
            "archive": "archive.0/_204571_archive_1.a"
        }
    },
    "reusePaths": {}
}