{
    "cycles_program_begin": 160703059563921,
    "stat": {
        "ru_childs_end": {
            "ru_maxrss_kb": 103116,
            "ru_utime_sec": 0.016815,
            "ru_stime_sec": 0.026022,
            "ru_minflt": 4312,
            "ru_majflt": 0,
            "ru_nivcsw": 7,
            "ru_nvcsw": 25
        },
        "ru_self_cgstart": {
            "ru_maxrss_kb": 103116,
            "ru_utime_sec": 0.036159999999999998,
            "ru_stime_sec": 0.065987000000000004,
            "ru_minflt": 8607,
            "ru_majflt": 0,
            "ru_nivcsw": 8,
            "ru_nvcsw": 40
        },
        "ru_childs_cgstart": {
            "ru_maxrss_kb": 103116,
            "ru_utime_sec": 0.013965,
            "ru_stime_sec": 0.026022,
            "ru_minflt": 4077,
            "ru_majflt": 0,
            "ru_nivcsw": 7,
            "ru_nvcsw": 24
        },
        "cpu_cycles_cgstart": 160703719141707,
        "mop/quad": 2.755656108597285,
        "nQuads": 2652,
        "nMops": 7308,
        "cpu_cycles_total": 825103675,
        "quadSpeed": 66812.788149043918,
        "Frontend(%)": 55.807299205059117,
        "totalObjSize": 180160,
        "ru_self_end": {
            "ru_maxrss_kb": 112076,
            "ru_utime_sec": 0.073002999999999998,
            "ru_stime_sec": 0.087604000000000001,
            "ru_minflt": 10116,
            "ru_majflt": 0,
            "ru_nivcsw": 10,
            "ru_nvcsw": 42
        },
        "cpu_cycles_end": 160703884667596,
        "mopSpeed": 184113.06779532915,
        "outputSizePerQuad": 67.933634992458522,
        "CodeGen(%)": 44.192700794940883,
        "peak_mem_kb": 226472,
        "realTime": 0.32327795028686523
    },
    "NameTable": {
        "tb_apb": [
            "tb_apb",
            "bhAeb",
            "module",
            3
        ],
        "...MASTER...": [
            "SIM",
            "amcQw",
            "module",
            2
        ]
    },
    "perf": [
        {
            "stat": [
                "main",
                "entry",
                0.016342878341674805,
                0.020323999999999998,
                0.025405,
                200732,
                200732,
                0.0,
                0.0,
                1670678259.3620789,
                160703059787083
            ],
            "sub": [
                {
                    "stat": [
                        "doParsingAndDesignResolution",
                        "entry",
                        0.16998887062072754,
                        0.024146000000000001,
                        0.033805000000000002,
                        210600,
                        211400,
                        0.0,
                        0.0,
                        1670678259.5157249,
                        160703472758552
                    ],
                    "sub": []
                },
                {
                    "stat": [
                        "doParsingAndDesignResolution",
                        "exit",
                        0.17381095886230469,
                        0.025454000000000001,
                        0.036318999999999997,
                        211396,
                        212044,
                        0.0,
                        0.0,
                        1670678259.519547,
                        160703483098577
                    ],
                    "sub": []
                },
                {
                    "stat": [
                        "doPostDesignResolutionToVir2Vcs",
                        "entry",
                        0.17523097991943359,
                        0.025454000000000001,
                        0.037581999999999997,
                        211536,
                        212044,
                        0.0,
                        0.0,
                        1670678259.520967,
                        160703486910987
                    ],
                    "sub": [
                        {
                            "stat": [
                                "doUptoVir2VcsNoSepCleanup",
                                "entry",
                                0.19135093688964844,
                                0.031662999999999997,
                                0.047495000000000002,
                                212564,
                                212564,
                                0.0,
                                0.0,
                                1670678259.537087,
                                160703530165879
                            ],
                            "sub": []
                        },
                        {
                            "stat": [
                                "doUptoVir2VcsNoSepCleanup",
                                "exit",
                                0.23616504669189453,
                                0.036138000000000003,
                                0.061950999999999999,
                                213624,
                                226472,
                                0.0055659999999999998,
                                0.013367,
                                1670678259.5819011,
                                160703650658947
                            ],
                            "sub": []
                        },
                        {
                            "stat": [
                                "doRadify_vir2vcsAll",
                                "entry",
                                0.23622393608093262,
                                0.036159999999999998,
                                0.061989000000000002,
                                213624,
                                226472,
                                0.0055659999999999998,
                                0.013367,
                                1670678259.58196,
                                160703650756367
                            ],
                            "sub": []
                        },
                        {
                            "stat": [
                                "doRadify_vir2vcsAll",
                                "exit",
                                0.23841094970703125,
                                0.036159999999999998,
                                0.064174999999999996,
                                213624,
                                226472,
                                0.0055659999999999998,
                                0.013367,
                                1670678259.584147,
                                160703656661253
                            ],
                            "sub": []
                        }
                    ]
                },
                {
                    "stat": [
                        "doPostDesignResolutionToVir2Vcs",
                        "exit",
                        0.23844194412231445,
                        0.036159999999999998,
                        0.064208000000000001,
                        213624,
                        226472,
                        0.0055659999999999998,
                        0.013367,
                        1670678259.584178,
                        160703656706989
                    ],
                    "sub": []
                },
                {
                    "stat": [
                        "doGAToPass2",
                        "entry",
                        0.23845791816711426,
                        0.036159999999999998,
                        0.064223000000000002,
                        213624,
                        226472,
                        0.0055659999999999998,
                        0.013367,
                        1670678259.5841939,
                        160703656744455
                    ],