{
    "Modules": {
        "tb_apb": {
            "start_perf": [
                0.2801659107208252,
                0.043043999999999999,
                0.065736000000000003,
                213708,
                226448,
                1670671872.675673,
                143535414466578
            ],
            "Compiled Times": 13,
            "child_modules": {},
            "nMops": 2434,
            "Compiled": "Yes",
            "end_perf": [
                0.29649782180786133,
                0.048119000000000002,
                0.076991000000000004,
                218964,
                226448,
                143535458404013,
                12884901889,
                0
            ],
            "nQuads": 999,
            "nRouts": 114
        },
        "...MASTER...": {
            "start_perf": [
                0.27596282958984375,
                0.043043999999999999,
                0.063893000000000005,
                212052,
                226448,
                1670671872.6714699,
                143535403165464
            ],
            "child_modules": {
                "tb_apb": 1
            },
            "end_perf": [
                0.28007292747497559,
                0.043043999999999999,
                0.065642000000000006,
                213708,
                226448,
                143535414232850,
                0,
                0
            ],
            "nQuads": 0,
            "nMops": 0,
            "nRouts": 5
        }
    },
    "CompUnits": {
        "bhAeb_d": {
            "mod": "tb_apb",
            "text": 21550,
            "out": "bhAeb_d.o",
            "bytes": 39790,
            "mode": 4,
            "checksum": 0,
            "archive": "archive.13/_10708_archive_1.a"
        }
    },
    "reusePaths": {
        "amcQw_d": {
            "icPath": "csrc"
        }
    },
    "ObjArchives": [
        {
            "archive": "archive.13/_10708_archive_1.a",
            "objects": [
                [
                    "bhAeb_d.o",
                    39790
                ],
                [
                    "amcQwB.o",
                    126578
                ]
            ],
            "size": 166368
        }
    ],
    "stat": {
        "peak_mem_kb": 226448,
        "ru_self_end": {
            "ru_utime_sec": 0.048673000000000001,
            "ru_nivcsw": 29,
            "ru_maxrss_kb": 112064,
            "ru_stime_sec": 0.080177999999999999,
            "ru_minflt": 10110,
            "ru_nvcsw": 34,
            "ru_majflt": 0
        },
        "ru_childs_end": {
            "ru_utime_sec": 0.022296,
            "ru_nivcsw": 11,
            "ru_maxrss_kb": 103040,
            "ru_stime_sec": 0.038911000000000001,
            "ru_minflt": 4309,
            "ru_nvcsw": 27,
            "ru_majflt": 0
        },
        "cpu_cycles_end": 143535468383547
    }
}