{
    "stat": {
        "ru_self_cgstart": {
            "ru_utime_sec": 0.042626999999999998,
            "ru_nvcsw": 42,
            "ru_stime_sec": 0.028420999999999998,
            "ru_maxrss_kb": 103376,
            "ru_minflt": 8496,
            "ru_majflt": 2,
            "ru_nivcsw": 5
        },
        "cpu_cycles_cgstart": 2162163450321112,
        "peak_mem_kb": 225952,
        "ru_childs_cgstart": {
            "ru_utime_sec": 0.020490000000000001,
            "ru_nvcsw": 25,
            "ru_stime_sec": 0.011049,
            "ru_maxrss_kb": 103376,
            "ru_minflt": 4081,
            "ru_majflt": 0,
            "ru_nivcsw": 0
        },
        "nMops": 1640,
        "nQuads": 860,
        "totalObjSize": 171728,
        "ru_self_end": {
            "ru_utime_sec": 0.049407,
            "ru_nvcsw": 44,
            "ru_stime_sec": 0.044350000000000001,
            "ru_maxrss_kb": 114104,
            "ru_minflt": 10313,
            "ru_majflt": 4,
            "ru_nivcsw": 6
        },
        "ru_childs_end": {
            "ru_utime_sec": 0.020490000000000001,
            "ru_nvcsw": 25,
            "ru_stime_sec": 0.011049,
            "ru_maxrss_kb": 103376,
            "ru_minflt": 4081,
            "ru_majflt": 0,
            "ru_nivcsw": 0
        },
        "cpu_cycles_end": 2162163513655445,
        "cpu_cycles_total": 623855708,
        "outputSizePerQuad": 199.68372093023257,
        "Frontend(%)": 90.300012876089113,
        "CodeGen(%)": 9.6999871239108906,
        "realTime": 0.24396610260009766
    },
    "CurCompileModules": [
        "...MASTER...",
        "...MASTER...",
        "tb_matrixsort",
        "tb_matrixsort"
    ],
    "NameTable": {
        "tb_matrixsort": [
            "tb_matrixsort",
            "J9fpd",
            "module",
            1
        ],
        "...MASTER...": [
            "SIM",
            "amcQw",
            "module",
            2
        ]
    },
    "cycles_program_begin": 2162162889799737,
    "rlimit": {
        "data": -1,
        "stack": -1
    },
    "perf": [
        {
            "stat": [
                "main",
                "entry",
                0.011895179748535156,
                0.023987000000000001,
                0.011993,
                200732,
                200732,
                0.0,
                0.0,
                1668331037.9765921,
                2162162889977527
            ],
            "sub": [
                {
                    "stat": [
                        "doParsingAndDesignResolution",
                        "entry",
                        0.16721010208129883,
                        0.030617999999999999,
                        0.019574999999999999,
                        210604,
                        211404,
                        0.0,
                        0.0,
                        1668331038.131907,
                        2162163307464605
                    ],
                    "sub": []
                },
                {
                    "stat": [
                        "doParsingAndDesignResolution",
                        "exit",
                        0.17127609252929688,
                        0.032072000000000003,
                        0.022187999999999999,
                        211396,
                        212044,
                        0.0,
                        0.0,
                        1668331038.135973,
                        2162163318391151
                    ],
                    "sub": []
                },
                {
                    "stat": [
                        "doPostDesignResolutionToVir2Vcs",
                        "entry",
                        0.17190313339233398,
                        0.032698999999999999,
                        0.022187999999999999,
                        211528,
                        212044,
                        0.0,
                        0.0,
                        1668331038.1366,
                        2162163320045475
                    ],
                    "sub": [
                        {
                            "stat": [
                                "doUptoVir2VcsNoSepCleanup",
                                "entry",
                                0.17462420463562012,
                                0.035024,
                                0.022187999999999999,
                                212636,
                                212636,
                                0.0,
                                0.0,
                                1668331038.1393211,
                                2162163327371382
                            ],
                            "sub": []
                        },
                        {
                            "stat": [
                                "doUptoVir2VcsNoSepCleanup",
                                "exit",
                                0.19750404357910156,
                                0.042587,
                                0.025551999999999998,
                                213616,
                                225952,
                                0.0071609999999999998,
                                0.004483,
                                1668331038.1622009,
                                2162163388917751
                            ],
                            "sub": []
                        },
                        {
                            "stat": [
                                "doRadify_vir2vcsAll",
                                "entry",
                                0.19756603240966797,
                                0.042626999999999998,
                                0.025576000000000002,
                                213616,
                                225952,
                                0.0071609999999999998,
                                0.004483,
                                1668331038.1622629,
                                2162163389012449
                            ],
                            "sub": []
                        },
                        {
                            "stat": [
                                "doRadify_vir2vcsAll",
                                "exit",
                                0.19905900955200195,
                                0.042626999999999998,
                                0.027068999999999999,
                                213792,
                                225952,
                                0.0071609999999999998,
                                0.004483,
                                1668331038.1637559,
                                2162163393047935
                            ],
                            "sub": []
                        }
                    ]
                },
                {
                    "stat": [
                        "doPostDesignResolutionToVir2Vcs",
                        "exit",
                        0.19908618927001953,
                        0.042626999999999998,
                        0.027097,
                        213792,
                        225952,
                        0.0071609999999999998,
                        0.004483,
                        1668331038.1637831,
                        2162163393086845
                    ],
                    "sub": []
                },
                {
                    "stat": [
                        "doGAToPass2",
                        "entry",
                        0.19910001754760742,
                        0.042626999999999998,
                        0.027111,
                        213792,
                        225952,
                        0.0071609999999999998,
                        0.004483,
                        1668331038.1637969,
                        2162163393119453
                    ],