{
    "stat": {
        "ru_self_cgstart": {
            "ru_nvcsw": 39,
            "ru_utime_sec": 0.085388000000000006,
            "ru_stime_sec": 0.066303000000000001,
            "ru_maxrss_kb": 107432,
            "ru_majflt": 0,
            "ru_minflt": 9244,
            "ru_nivcsw": 24
        },
        "totalObjSize": 265270,
        "ru_childs_cgstart": {
            "ru_nvcsw": 27,
            "ru_utime_sec": 0.024553999999999999,
            "ru_stime_sec": 0.022364999999999999,
            "ru_maxrss_kb": 107432,
            "ru_majflt": 0,
            "ru_minflt": 4081,
            "ru_nivcsw": 7
        },
        "cpu_cycles_cgstart": 134196853058969,
        "realTime": 0.40112614631652832,
        "nQuads": 3571,
        "nMops": 16195,
        "ru_self_end": {
            "ru_nvcsw": 41,
            "ru_utime_sec": 0.14555199999999999,
            "ru_stime_sec": 0.096773999999999999,
            "ru_maxrss_kb": 121688,
            "ru_majflt": 0,
            "ru_minflt": 11937,
            "ru_nivcsw": 28
        },
        "ru_childs_end": {
            "ru_nvcsw": 28,
            "ru_utime_sec": 0.024553999999999999,
            "ru_stime_sec": 0.026435,
            "ru_maxrss_kb": 107560,
            "ru_majflt": 0,
            "ru_minflt": 4315,
            "ru_nivcsw": 7
        },
        "CodeGen(%)": 35.368534913524492,
        "cpu_cycles_end": 134197110162737,
        "cpu_cycles_total": 1030328426,
        "mopSpeed": 269180.90552489873,
        "quadSpeed": 59354.431221328399,
        "Frontend(%)": 64.631465086475501,
        "mop/quad": 4.535144217306077,
        "outputSizePerQuad": 74.284514141697002,
        "peak_mem_kb": 227940
    },
    "LVLData": [
        "SIM"
    ],
    "cycles_program_begin": 134196079834311,
    "perf": [
        {
            "stat": [
                "main",
                "entry",
                0.017832040786743164,
                0.037664000000000003,
                0.021521999999999999,
                200732,
                200732,
                0.0,
                0.0,
                1670339058.226321,
                134196080038721
            ],
            "sub": [
                {
                    "stat": [
                        "doParsingAndDesignResolution",
                        "entry",
                        0.1777501106262207,
                        0.040940999999999998,
                        0.032659000000000001,
                        210604,
                        211404,
                        0.0,
                        0.0,
                        1670339058.3862391,
                        134196509871670
                    ],
                    "sub": []
                },
                {
                    "stat": [
                        "doParsingAndDesignResolution",
                        "exit",
                        0.18933010101318359,
                        0.044958999999999999,
                        0.039338999999999999,
                        211732,
                        212380,
                        0.0,
                        0.0,
                        1670339058.397819,
                        134196541020819
                    ],
                    "sub": []
                },
                {
                    "stat": [
                        "doPostDesignResolutionToVir2Vcs",
                        "entry",
                        0.1902470588684082,
                        0.045448000000000002,
                        0.039766999999999997,
                        211896,
                        212380,
                        0.0,
                        0.0,
                        1670339058.398736,
                        134196543451874
                    ],
                    "sub": [
                        {
                            "stat": [
                                "doUptoVir2VcsNoSepCleanup",
                                "entry",
                                0.19826817512512207,
                                0.053378000000000002,
                                0.039766999999999997,
                                212924,
                                217024,
                                0.0,
                                0.0,
                                1670339058.4067571,
                                134196565115081
                            ],
                            "sub": []
                        },
                        {
                            "stat": [
                                "doUptoVir2VcsNoSepCleanup",
                                "exit",
                                0.26598811149597168,
                                0.080976999999999993,
                                0.061924,
                                227548,
                                227548,
                                0.010619,
                                0.0067340000000000004,
                                1670339058.4744771,
                                134196747115085
                            ],
                            "sub": []
                        },
                        {
                            "stat": [
                                "doRadify_vir2vcsAll",
                                "entry",
                                0.26606607437133789,
                                0.081022999999999998,
                                0.061959,
                                227548,
                                227548,
                                0.010619,
                                0.0067340000000000004,
                                1670339058.474555,
                                134196747222039
                            ],
                            "sub": []
                        },
                        {
                            "stat": [
                                "doRadify_vir2vcsAll",
                                "exit",
                                0.270233154296875,
                                0.085188,
                                0.061959,
                                227548,
                                227548,
                                0.010619,
                                0.0067340000000000004,
                                1670339058.4787221,
                                134196758561428
                            ],
                            "sub": []
                        }
                    ]
                },
                {
                    "stat": [
                        "doPostDesignResolutionToVir2Vcs",
                        "exit",
                        0.27031397819519043,
                        0.085268999999999998,
                        0.061959,
                        227548,
                        227548,
                        0.010619,
                        0.0067340000000000004,
                        1670339058.4788029,
                        134196758788473
                    ],
                    "sub": []
                },
                {
                    "stat": [
                        "doGAToPass2",
                        "entry",
                        0.2704319953918457,
                        0.085388000000000006,
                        0.061959,
                        227548,
                        227548,
                        0.010619,
                        0.0067340000000000004,
                        1670339058.4789209,
                        134196759157749
                    ],