{
    "Modules": {
        "...MASTER...": {
            "start_perf": [
                0.30549311637878418,
                0.085388000000000006,
                0.066342999999999999,
                225992,
                227548,
                1670339058.5139821,
                134196853198973
            ],
            "child_modules": {
                "tb_sort": 1
            },
            "end_perf": [
                0.3118140697479248,
                0.086633000000000002,
                0.067380999999999996,
                225992,
                227548,
                134196870231739,
                0,
                0
            ],
            "nMops": 0,
            "nQuads": 0,
            "nRouts": 5
        },
        "onehotdec": {
            "Compiled": "Yes",
            "start_perf": [
                0.31191301345825195,
                0.086689000000000002,
                0.067424999999999999,
                225992,
                227548,
                1670339058.520402,
                134196870451783
            ],
            "child_modules": {},
            "Compiled Times": 9,
            "end_perf": [
                0.31975317001342773,
                0.086689000000000002,
                0.074690999999999994,
                225992,
                227548,
                134196891703616,
                8589934593,
                0
            ],
            "nMops": 195,
            "nQuads": 104,
            "nRouts": 12
        },
        "tb_sort": {
            "Compiled": "Yes",
            "start_perf": [
                0.31985902786254883,
                0.086689000000000002,
                0.074801000000000006,
                225992,
                227548,
                1670339058.528348,
                134196892220608
            ],
            "child_modules": {
                "onehotdec": 16
            },
            "significant_routs": [
                [
                    1,
                    "R_VCSgd_eLTqV_1",
                    17104953,
                    16684,
                    2951
                ],
                [
                    52,
                    "R_VCSgd_eLTqV_34",
                    7095396,
                    3918,
                    728
                ],
                [
                    93,
                    "R_VCSgd_eLTqV_5d",
                    6179238,
                    6790,
                    1027
                ],
                [
                    207,
                    "R_VCSgd_eLTqV_cf",
                    9382434,
                    8647,
                    1849
                ]
            ],
            "Compiled Times": 9,
            "end_perf": [
                0.38966202735900879,
                0.14160700000000001,
                0.089685000000000001,
                227940,
                227940,
                134197079497917,
                25769803777,
                0
            ],
            "nMops": 16000,
            "nQuads": 3467,
            "nRouts": 264
        }
    },
    "ObjArchives": [
        {
            "archive": "archive.8/_62430_archive_1.a",
            "objects": [
                [
                    "eLTqV_d.o",
                    136570
                ],
                [
                    "amcQwB.o",
                    128700
                ]
            ],
            "size": 265270
        }
    ],
    "CompUnits": {
        "eLTqV_d": {
            "bytes": 136570,
            "mod": "tb_sort",
            "checksum": 0,
            "mode": 4,
            "out": "eLTqV_d.o",
            "text": 100752,
            "archive": "archive.8/_62430_archive_1.a"
        }
    },
    "reusePaths": {
        "q8WEx_d": {
            "icPath": "csrc"
        },
        "amcQw_d": {
            "icPath": "csrc"
        }
    },
    "stat": {
        "ru_self_end": {
            "ru_nvcsw": 41,
            "ru_utime_sec": 0.14555199999999999,
            "ru_stime_sec": 0.096530000000000005,
            "ru_maxrss_kb": 121688,
            "ru_majflt": 0,
            "ru_minflt": 11937,
            "ru_nivcsw": 28
        },
        "peak_mem_kb": 227940,
        "ru_childs_end": {
            "ru_nvcsw": 28,
            "ru_utime_sec": 0.024553999999999999,
            "ru_stime_sec": 0.026435,
            "ru_maxrss_kb": 107560,
            "ru_majflt": 0,
            "ru_minflt": 4315,
            "ru_nivcsw": 7
        },
        "cpu_cycles_end": 134197109511685
    }
}