{
    "cycles_program_begin": 126842317779968,
    "cpu_cycles_pass2_start": 126843199239060,
    "NameTable": {
        "tb_div": [
            "tb_div",
            "gRcNz",
            "module",
            1
        ],
        "...MASTER...": [
            "SIM",
            "amcQw",
            "module",
            2
        ]
    },
    "perf": [
        {
            "stat": [
                "main",
                "entry",
                0.028855085372924805,
                0.049789,
                0.016596,
                200728,
                200728,
                0.0,
                0.0,
                1670336322.479825,
                126842318031726
            ],
            "sub": [
                {
                    "stat": [
                        "doParsingAndDesignResolution",
                        "entry",
                        0.20848417282104492,
                        0.057236000000000002,
                        0.026417,
                        210600,
                        211400,
                        0.0,
                        0.0,
                        1670336322.6594541,
                        126842800842650
                    ],
                    "sub": []
                },
                {
                    "stat": [
                        "doParsingAndDesignResolution",
                        "exit",
                        0.21785211563110352,
                        0.063385999999999998,
                        0.029579999999999999,
                        212116,
                        212764,
                        0.0,
                        0.0,
                        1670336322.6688221,
                        126842826063510
                    ],
                    "sub": []
                },
                {
                    "stat": [
                        "doPostDesignResolutionToVir2Vcs",
                        "entry",
                        0.21863317489624023,
                        0.063919000000000004,
                        0.029828,
                        212248,
                        212764,
                        0.0,
                        0.0,
                        1670336322.6696031,
                        126842828187176
                    ],
                    "sub": [
                        {
                            "stat": [
                                "doUptoVir2VcsNoSepCleanup",
                                "entry",
                                0.24254918098449707,
                                0.083999000000000004,
                                0.033598999999999997,
                                213276,
                                217376,
                                0.0,
                                0.0,
                                1670336322.6935191,
                                126842892426280
                            ],
                            "sub": []
                        },
                        {
                            "stat": [
                                "doUptoVir2VcsNoSepCleanup",
                                "exit",
                                0.31727409362792969,
                                0.13922799999999999,
                                0.037970999999999998,
                                227136,
                                227136,
                                0.01222,
                                0.0035799999999999998,
                                1670336322.768244,
                                126843093309398
                            ],
                            "sub": []
                        },
                        {
                            "stat": [
                                "doRadify_vir2vcsAll",
                                "entry",
                                0.31733798980712891,
                                0.13927899999999999,
                                0.037984999999999998,
                                227136,
                                227136,
                                0.01222,
                                0.0035799999999999998,
                                1670336322.7683079,
                                126843093405704
                            ],
                            "sub": []
                        },
                        {
                            "stat": [
                                "doRadify_vir2vcsAll",
                                "exit",
                                0.32731103897094727,
                                0.145569,
                                0.041591000000000003,
                                227136,
                                227136,
                                0.01222,
                                0.0035799999999999998,
                                1670336322.778281,
                                126843120294553
                            ],
                            "sub": []
                        }
                    ]
                },
                {
                    "stat": [
                        "doPostDesignResolutionToVir2Vcs",
                        "exit",
                        0.32737016677856445,
                        0.145616,
                        0.041604000000000002,
                        227136,
                        227136,
                        0.01222,
                        0.0035799999999999998,
                        1670336322.7783401,
                        126843120365989
                    ],
                    "sub": []
                },
                {
                    "stat": [
                        "doGAToPass2",
                        "entry",
                        0.32738709449768066,
                        0.14563000000000001,
                        0.041607999999999999,
                        227136,
                        227136,
                        0.01222,
                        0.0035799999999999998,
                        1670336322.778357,
                        126843120400503
                    ],
                    "sub": [
                        {
                            "stat": [
                                "DoPass2",
                                "entry",
                                0.35668396949768066,
                                0.14763200000000001,
                                0.042180000000000002,
                                213932,
                                227136,
                                0.020587000000000001,
                                0.021953,
                                1670336322.8076539,
                                126843199229306
                            ],
                            "sub": []
                        },
                        {
                            "stat": [
                                "DoPass2",
                                "exit",
                                0.57726407051086426,
                                0.34754099999999999,
                                0.059336,
                                227444,
                                227444,
                                0.020587000000000001,
                                0.025208000000000001,
                                1670336323.028234,
                                126843792156234
                            ],