{
    "Modules": {
        "...MASTER...": {
            "start_perf": [
                0.356781005859375,
                0.14770800000000001,
                0.042202000000000003,
                213932,
                227136,
                1670336322.8077509,
                126843199427988
            ],
            "child_modules": {
                "tb_div": 1
            },
            "end_perf": [
                0.36212301254272461,
                0.14930599999999999,
                0.042659000000000002,
                215340,
                227136,
                126843213837724,
                0,
                0
            ],
            "nRouts": 5,
            "nQuads": 0,
            "nMops": 0
        },
        "tb_div": {
            "start_perf": [
                0.36226916313171387,
                0.14930599999999999,
                0.042791999999999997,
                215340,
                227136,
                1670336322.8132391,
                126843214196260
            ],
            "child_modules": {},
            "nRouts": 280,
            "Compiled Times": 3,
            "nQuads": 10673,
            "Compiled": "Yes",
            "significant_routs": [
                [
                    33,
                    "R_VCSgd_gRcNz_21",
                    4413242,
                    32,
                    6
                ],
                [
                    152,
                    "R_VCSgd_gRcNz_98",
                    11238336,
                    12120,
                    2058
                ],
                [
                    153,
                    "R_VCSgd_gRcNz_99",
                    10361239,
                    12517,
                    2056
                ],
                [
                    154,
                    "R_VCSgd_gRcNz_9a",
                    16149574,
                    13157,
                    3403
                ],
                [
                    155,
                    "R_VCSgd_gRcNz_9b",
                    7841884,
                    10045,
                    1740
                ],
                [
                    189,
                    "R_VCSgd_gRcNz_bd",
                    4570608,
                    3765,
                    397
                ],
                [
                    191,
                    "R_VCSgd_gRcNz_bf",
                    8630518,
                    3765,
                    397
                ],
                [
                    197,
                    "R_VCSgd_gRcNz_c5",
                    4541702,
                    3765,
                    397
                ],
                [
                    199,
                    "R_VCSgd_gRcNz_c7",
                    4696704,
                    3765,
                    397
                ],
                [
                    200,
                    "R_VCSgd_gRcNz_c8",
                    10242818,
                    3765,
                    397
                ],
                [
                    201,
                    "R_VCSgd_gRcNz_c9",
                    5073094,
                    3765,
                    397
                ],
                [
                    202,
                    "R_VCSgd_gRcNz_ca",
                    6269746,
                    3765,
                    397
                ],
                [
                    203,
                    "R_VCSgd_gRcNz_cb",
                    4427186,
                    3765,
                    397
                ],
                [
                    204,
                    "R_VCSgd_gRcNz_cc",
                    4517124,
                    3765,
                    397
                ],
                [
                    205,
                    "R_VCSgd_gRcNz_cd",
                    8020264,
                    3765,
                    397
                ],
                [
                    206,
                    "R_VCSgd_gRcNz_ce",
                    5179250,
                    3765,
                    397
                ],
                [
                    207,
                    "R_VCSgd_gRcNz_cf",
                    4407684,
                    3765,
                    397
                ],
                [
                    215,
                    "R_VCSgd_gRcNz_d7",
                    4703566,
                    3765,
                    397
                ],
                [
                    216,
                    "R_VCSgd_gRcNz_d8",
                    4439294,
                    3765,
                    397
                ],
                [
                    220,
                    "R_VCSgd_gRcNz_dc",
                    7587084,
                    3765,
                    397
                ],
                [
                    221,
                    "R_VCSgd_gRcNz_dd",
                    4500525,
                    3765,
                    397
                ],
                [
                    224,
                    "R_VCSgd_gRcNz_e0",
                    7351660,
                    3765,
                    397
                ],
                [
                    225,
                    "R_VCSgd_gRcNz_e1",
                    4811912,
                    3765,
                    397
                ],
                [
                    227,
                    "R_VCSgd_gRcNz_e3",
                    7250531,
                    3765,
                    397
                ],
                [
                    228,
                    "R_VCSgd_gRcNz_e4",
                    4643925,
                    3765,
                    397
                ],
                [
                    233,
                    "R_VCSgd_gRcNz_e9",
                    5629203,
                    3765,
                    397
                ],
                [
                    234,
                    "R_VCSgd_gRcNz_ea",
                    8027649,
                    3765,
                    397
                ],
                [
                    235,
                    "R_VCSgd_gRcNz_eb",
                    5296928,
                    3765,
                    397
                ],
                [
                    239,
                    "R_VCSgd_gRcNz_ef",
                    4867910,
                    3765,
                    397
                ],
                [
                    241,
                    "R_VCSgd_gRcNz_f1",
                    7668438,
                    3765,
                    397
                ],
                [
                    242,
                    "R_VCSgd_gRcNz_f2",
                    4550230,
                    3765,
                    397
                ],
                [
                    243,
                    "R_VCSgd_gRcNz_f3",
                    7053829,
                    3765,
                    397
                ],
                [
                    244,
                    "R_VCSgd_gRcNz_f4",
                    6100629,
                    3765,
                    397
                ],
                [
                    245,
                    "R_VCSgd_gRcNz_f5",
                    7345974,
                    3765,
                    397
                ],
                [
                    246,
                    "R_VCSgd_gRcNz_f6",
                    5571112,
                    3765,
                    397
                ],
                [
                    247,
                    "R_VCSgd_gRcNz_f7",
                    8848944,
                    3765,
                    397
                ],
                [
                    248,
                    "R_VCSgd_gRcNz_f8",
                    4859504,
                    3765,
                    397
                ],
                [
                    249,
