{
    "reusePaths": {
        "amcQw_d": {
            "icPath": "csrc"
        }
    },
    "Modules": {
        "...MASTER...": {
            "child_modules": {
                "tb_sqrt": 1
            },
            "start_perf": [
                0.23388099670410156,
                0.039161000000000001,
                0.040993000000000002,
                212504,
                226216,
                1668330083.1894491,
                2159596396130624
            ],
            "nQuads": 0,
            "end_perf": [
                0.2383568286895752,
                0.039161000000000001,
                0.042993999999999997,
                214296,
                226216,
                2159596408201486,
                0,
                0
            ],
            "nMops": 0,
            "nRouts": 5
        },
        "tb_sqrt": {
            "start_perf": [
                0.2384488582611084,
                0.039164999999999998,
                0.043082000000000002,
                214296,
                226216,
                1668330083.1940169,
                2159596408412238
            ],
            "Compiled Times": 4,
            "child_modules": {},
            "Compiled": "Yes",
            "significant_routs": [
                [
                    79,
                    "R_VCSgd_Baip0_4f",
                    3093708,
                    2234,
                    504
                ],
                [
                    80,
                    "R_VCSgd_Baip0_50",
                    3070270,
                    2509,
                    539
                ],
                [
                    99,
                    "R_VCSgd_Baip0_63",
                    4324416,
                    1475,
                    192
                ],
                [
                    100,
                    "R_VCSgd_Baip0_64",
                    3215506,
                    2071,
                    248
                ],
                [
                    102,
                    "R_VCSgd_Baip0_66",
                    4297238,
                    2092,
                    242
                ],
                [
                    108,
                    "R_VCSgd_Baip0_6c",
                    3985885,
                    2090,
                    242
                ]
            ],
            "nQuads": 3929,
            "end_perf": [
                0.2838139533996582,
                0.063766000000000003,
                0.063766000000000003,
                221360,
                226216,
                2159596530453627,
                12884901889,
                0
            ],
            "nMops": 12976,
            "nRouts": 151
        }
    },
    "ObjArchives": [
        {
            "size": 214674,
            "archive": "archive.3/_348427_archive_1.a",
            "objects": [
                [
                    "Baip0_d.o",
                    87994
                ],
                [
                    "amcQwB.o",
                    126680
                ]
            ]
        }
    ],
    "CompUnits": {
        "Baip0_d": {
            "archive": "archive.3/_348427_archive_1.a",
            "mod": "tb_sqrt",
            "bytes": 87994,
            "out": "Baip0_d.o",
            "text": 64222,
            "mode": 4,
            "checksum": 0
        }
    },
    "stat": {
        "peak_mem_kb": 226216,
        "ru_self_end": {
            "ru_maxrss_kb": 114132,
            "ru_stime_sec": 0.071799000000000002,
            "ru_utime_sec": 0.067555000000000004,
            "ru_minflt": 10796,
            "ru_majflt": 0,
            "ru_nvcsw": 44,
            "ru_nivcsw": 6
        },
        "ru_childs_end": {
            "ru_maxrss_kb": 106276,
            "ru_stime_sec": 0.012416,
            "ru_utime_sec": 0.027626999999999999,
            "ru_minflt": 4315,
            "ru_majflt": 0,
            "ru_nvcsw": 26,
            "ru_nivcsw": 4
        },
        "cpu_cycles_end": 2159596562096020
    }
}