{
    "ObjArchives": [
        {
            "archive": "archive.6/_214443_archive_1.a",
            "objects": [
                [
                    "aNPza_d.o",
                    23002
                ],
                [
                    "amcQwB.o",
                    127232
                ]
            ],
            "size": 150234
        }
    ],
    "Modules": {
        "...MASTER...": {
            "nMops": 0,
            "start_perf": [
                4.2044081687927246,
                0.020501999999999999,
                0.049206,
                212704,
                226020,
                1666511766.5537651,
                1878249988718343
            ],
            "child_modules": {
                "tb_cla": 1,
                "sum": 1
            },
            "nQuads": 0,
            "end_perf": [
                4.2080190181732178,
                0.020996999999999998,
                0.050394000000000001,
                214112,
                226020,
                1878249998483037,
                0,
                0
            ],
            "nRouts": 5
        },
        "sum": {
            "nMops": 207,
            "start_perf": [
                4.2081310749053955,
                0.020996999999999998,
                0.050507000000000003,
                214112,
                226020,
                1666511766.557488,
                1878249998771007
            ],
            "child_modules": {},
            "nRouts": 10,
            "Compiled": "Yes",
            "Compiled Times": 7,
            "nQuads": 37,
            "end_perf": [
                4.2095310688018799,
                0.020996999999999998,
                0.051906000000000001,
                214752,
                226020,
                1878250002511891,
                8589934593,
                0
            ]
        },
        "adder_cla4": {
            "nMops": 2216,
            "start_perf": [
                4.2095541954040527,
                0.020996999999999998,
                0.051930999999999998,
                214752,
                226020,
                1666511766.5589111,
                1878250002546869
            ],
            "child_modules": {},
            "nRouts": 65,
            "Compiled": "Yes",
            "Compiled Times": 7,
            "nQuads": 674,
            "end_perf": [
                4.2126400470733643,
                0.024004000000000001,
                0.052009,
                215128,
                226020,
                1878250010873596,
                21474836481,
                0
            ]
        },
        "tb_cla": {
            "nMops": 929,
            "start_perf": [
                4.2126641273498535,
                0.024011999999999999,
                0.052026000000000003,
                215128,
                226020,
                1666511766.562021,
                1878250010907058
            ],
            "child_modules": {
                "adder_cla4": 4
            },
            "nRouts": 71,
            "Compiled": "Yes",
            "Compiled Times": 7,
            "nQuads": 338,
            "end_perf": [
                4.2190251350402832,
                0.028839,
                0.053558000000000001,
                218616,
                226020,
                1878250028055956,
                34359738369,
                0
            ]
        }
    },
    "CompUnits": {
        "aNPza_d": {
            "mod": "tb_cla",
            "out": "aNPza_d.o",
            "mode": 4,
            "text": 7838,
            "bytes": 23002,
            "checksum": 0,
            "archive": "archive.6/_214443_archive_1.a"
        }
    },
    "reusePaths": {
        "ShEF1_d": {
            "icPath": "csrc"
        },
        "amcQw_d": {
            "icPath": "csrc"
        },
        "N7u2y_d": {
            "icPath": "csrc"
        }
    },
    "stat": {
        "ru_childs_end": {
            "ru_utime_sec": 0.023053000000000001,
            "ru_stime_sec": 0.0056649999999999999,
            "ru_maxrss_kb": 103900,
            "ru_minflt": 4305,
            "ru_nvcsw": 26,
            "ru_majflt": 0,
            "ru_nivcsw": 2
        },
        "ru_self_end": {
            "ru_utime_sec": 0.028839,
            "ru_stime_sec": 0.056930000000000001,
            "ru_maxrss_kb": 112076,
            "ru_minflt": 9992,
            "ru_nvcsw": 44,
            "ru_majflt": 0,
            "ru_nivcsw": 6
        },
        "cpu_cycles_end": 1878250037055945,
        "peak_mem_kb": 226020
    }
}