{
    "Modules": {
        "...MASTER...": {
            "nQuads": 0,
            "start_perf": [
                4.2080380916595459,
                0.034486999999999997,
                0.043754000000000001,
                212372,
                225952,
                1664867135.665895,
                1942707634548644
            ],
            "child_modules": {
                "VectorDetector_m1": 1,
                "VectorDetector_m2": 1,
                "tb_VectorDetector": 1
            },
            "nRouts": 5,
            "end_perf": [
                4.210935115814209,
                0.034772999999999998,
                0.046364000000000002,
                214664,
                225952,
                1942707642380862,
                0,
                0
            ],
            "nMops": 0
        },
        "VectorDetector_m1": {
            "nQuads": 788,
            "start_perf": [
                4.2110300064086914,
                0.034813999999999998,
                0.046418000000000001,
                214664,
                225952,
                1664867135.6688869,
                1942707642606055
            ],
            "child_modules": {},
            "Compiled Times": 1,
            "Compiled": "Yes",
            "nRouts": 45,
            "end_perf": [
                4.229072093963623,
                0.049605999999999997,
                0.049605999999999997,
                220768,
                225952,
                1942707691166483,
                8589934593,
                0
            ],
            "nMops": 5140
        },
        "VectorDetector_m2": {
            "nQuads": 674,
            "start_perf": [
                4.2291281223297119,
                0.049634999999999999,
                0.049634999999999999,
                220768,
                225952,
                1664867135.686985,
                1942707691233559
            ],
            "child_modules": {},
            "Compiled Times": 1,
            "Compiled": "Yes",
            "nRouts": 105,
            "end_perf": [
                4.244185209274292,
                0.063075999999999993,
                0.051249000000000003,
                220768,
                225952,
                1942707731810910,
                12884901889,
                0
            ],
            "nMops": 2603
        },
        "tb_VectorDetector": {
            "nQuads": 474,
            "start_perf": [
                4.2442731857299805,
                0.063126000000000002,
                0.051289000000000001,
                220768,
                225952,
                1664867135.7021301,
                1942707731957809
            ],
            "child_modules": {},
            "Compiled Times": 1,
            "Compiled": "Yes",
            "nRouts": 66,
            "end_perf": [
                4.2574570178985596,
                0.073465000000000003,
                0.054132,
                220768,
                225952,
                1942707767466397,
                25769803777,
                0
            ],
            "nMops": 1504
        }
    },
    "CompUnits": {
        "PvYvC_d": {
            "mod": "VectorDetector_m2",
            "out": "PvYvC_d.o",
            "bytes": 33504,
            "archive": "archive.0/_229436_archive_1.a",
            "checksum": 0,
            "mode": 4,
            "text": 18699
        },
        "amcQw_d": {
            "mod": "...MASTER...",
            "out": "objs/amcQw_d.o",
            "bytes": 7974,
            "checksum": 0,
            "mode": 4,
            "text": 450
        },
        "K9Jmh_d": {
            "mod": "tb_VectorDetector",
            "out": "K9Jmh_d.o",
            "bytes": 25600,
            "archive": "archive.0/_229436_archive_1.a",
            "checksum": 0,
            "mode": 4,
            "text": 10914
        },
        "CVcb0_d": {
            "mod": "VectorDetector_m1",
            "out": "CVcb0_d.o",
            "bytes": 42652,
            "archive": "archive.0/_229436_archive_1.a",
            "checksum": 0,
            "mode": 4,
            "text": 33541
        }
    },
    "reusePaths": {},
    "ObjArchives": [
        {
            "archive": "archive.0/_229436_archive_1.a",
            "size": 229096,
            "objects": [
                [
                    "CVcb0_d.o",
                    42652
                ],
                [
                    "PvYvC_d.o",
                    33504
                ],
                [
                    "K9Jmh_d.o",
                    25600
                ],
                [
                    "amcQwB.o",
                    127340
                ]
            ]
        }
    ],
    "stat": {
        "ru_self_end": {
            "ru_utime_sec": 0.074679999999999996,
            "ru_maxrss_kb": 113696,
            "ru_stime_sec": 0.058042000000000003,
            "ru_nivcsw": 9,
            "ru_minflt": 10328,
            "ru_majflt": 0,
            "ru_nvcsw": 45
        },
        "ru_childs_end": {
            "ru_utime_sec": 0.015637000000000002,
            "ru_maxrss_kb": 103528,
            "ru_stime_sec": 0.018168,
            "ru_nivcsw": 2,
            "ru_minflt": 4309,
            "ru_majflt": 0,
            "ru_nvcsw": 25
        },
        "cpu_cycles_end": 1942707781128316,
        "peak_mem_kb": 225952
    }
}