{
    "CompileStatus": "Successful",
    "stat": {
        "realTime": 4.2168731689453125,
        "ru_self_cgstart": {
            "ru_utime_sec": 0.028412,
            "ru_stime_sec": 0.030963000000000001,
            "ru_maxrss_kb": 102740,
            "ru_majflt": 0,
            "ru_minflt": 8461,
            "ru_nvcsw": 42,
            "ru_nivcsw": 5
        },
        "ru_childs_cgstart": {
            "ru_utime_sec": 0.017160000000000002,
            "ru_stime_sec": 0.011009,
            "ru_maxrss_kb": 102740,
            "ru_majflt": 0,
            "ru_minflt": 4074,
            "ru_nvcsw": 25,
            "ru_nivcsw": 1
        },
        "quadSpeed": 61613.144137415984,
        "cpu_cycles_cgstart": 1900117482649328,
        "nMops": 2441,
        "totalObjSize": 157684,
        "nQuads": 990,
        "ru_self_end": {
            "ru_utime_sec": 0.044479999999999999,
            "ru_stime_sec": 0.036873000000000003,
            "ru_maxrss_kb": 110396,
            "ru_majflt": 0,
            "ru_minflt": 9744,
            "ru_nvcsw": 44,
            "ru_nivcsw": 5
        },
        "ru_childs_end": {
            "ru_utime_sec": 0.017160000000000002,
            "ru_stime_sec": 0.012658000000000001,
            "ru_maxrss_kb": 102820,
            "ru_majflt": 0,
            "ru_minflt": 4308,
            "ru_nvcsw": 26,
            "ru_nivcsw": 1
        },
        "CodeGen(%)": 26.067488643737828,
        "cpu_cycles_end": 1900117546294885,
        "cpu_cycles_total": 11302019811,
        "mopSpeed": 151916.85337316405,
        "mop/quad": 2.4656565656565657,
        "outputSizePerQuad": 159.27676767676769,
        "Frontend(%)": 73.932511356262168,
        "peak_mem_kb": 225988
    },
    "PrevCompiledModules": {
        "tb_cla": {
            "aNPza_d": {
                "mode": 4,
                "bytes": 31188,
                "out": "aNPza_d.o",
                "mod": "tb_cla",
                "archive": "archive.19/_244842_archive_1.a",
                "checksum": 0
            }
        },
        "...MASTER...": {
            "amcQw_d": {
                "mode": 4,
                "bytes": 7634,
                "out": "objs/amcQw_d.o",
                "mod": "...MASTER...",
                "checksum": 0
            }
        }
    },
    "cycles_program_begin": 1900106244275074,
    "perf": [
        {
            "stat": [
                "main",
                "entry",
                0.012299060821533203,
                0.019843,
                0.011906,
                200732,
                200732,
                0.0,
                0.0,
                1666519897.54667,
                1900106244517363
            ],
            "sub": [
                {
                    "stat": [
                        "doParsingAndDesignResolution",
                        "entry",
                        4.1488420963287354,
                        0.023571999999999999,
                        0.019643000000000001,
                        210604,
                        211404,
                        0.0,
                        0.0,
                        1666519901.683213,
                        1900117363543299
                    ],
                    "sub": []
                },
                {
                    "stat": [
                        "doParsingAndDesignResolution",
                        "exit",
                        4.1514511108398438,
                        0.023654000000000001,
                        0.022169999999999999,
                        211380,
                        212028,
                        0.0,
                        0.0,
                        1666519901.685822,
                        1900117370564286
                    ],
                    "sub": []
                },
                {
                    "stat": [
                        "doPostDesignResolutionToVir2Vcs",
                        "entry",
                        4.1522181034088135,
                        0.023654000000000001,
                        0.022936999999999999,
                        211524,
                        212028,
                        0.0,
                        0.0,
                        1666519901.686589,
                        1900117372629758
                    ],
                    "sub": [
                        {
                            "stat": [
                                "doUptoVir2VcsNoSepCleanup",
                                "entry",
                                4.1544899940490723,
                                0.024431999999999999,
                                0.024431999999999999,
                                212680,
                                212680,
                                0.0,
                                0.0,
                                1666519901.6888609,
                                1900117378709829
                            ],
                            "sub": []
                        },
                        {
                            "stat": [
                                "doUptoVir2VcsNoSepCleanup",
                                "exit",
                                4.1738731861114502,
                                0.028389000000000001,
                                0.028389000000000001,
                                213652,
                                225988,
                                0.0069699999999999996,
                                0.004287,
                                1666519901.7082441,
                                1900117430832954
                            ],
                            "sub": []
                        },
                        {
                            "stat": [
                                "doRadify_vir2vcsAll",
                                "entry",
                                4.1739170551300049,
                                0.028412,
                                0.028412,
                                213652,
                                225988,
                                0.0069699999999999996,
                                0.004287,
                                1666519901.708288,
                                1900117430894400
                            ],
                            "sub": []
                        },
                        {
                            "stat": [
                                "doRadify_vir2vcsAll",
                                "exit",
                                4.1752681732177734,
                                0.028412,
                                0.029762,
                                213652,
                                225988,
                                0.0069699999999999996,
                                0.004287,
                                1666519901.7096391,
                                1900117434562366
                            ],
                            "sub": []
                        }
                    ]
                },
                {
                    "stat": [
                        "doPostDesignResolutionToVir2Vcs",
                        "exit",
                        4.1752920150756836,
                        0.028412,
                        0.029787000000000001,
                        213652,
                        225988,
                        0.0069699999999999996,
                        0.004287,
                        1666519901.7096629,
                        1900117434588836
                    ],