{
    "cpu_cycles_pass2_start": 2160980274778842,
    "CompileStrategy": "fullobj",
    "cycles_program_begin": 2160979655928441,
    "perf": [
        {
            "stat": [
                "main",
                "entry",
                0.016907930374145508,
                0.024664999999999999,
                0.016442999999999999,
                200728,
                200728,
                0.0,
                0.0,
                1668330597.789844,
                2160979656178431
            ],
            "sub": [
                {
                    "stat": [
                        "doParsingAndDesignResolution",
                        "entry",
                        0.17354178428649902,
                        0.033304,
                        0.020815,
                        210600,
                        211400,
                        0.0,
                        0.0,
                        1668330597.9464779,
                        2160980077182090
                    ],
                    "sub": []
                },
                {
                    "stat": [
                        "doParsingAndDesignResolution",
                        "exit",
                        0.17799997329711914,
                        0.033473000000000003,
                        0.025104000000000001,
                        211292,
                        211940,
                        0.0,
                        0.0,
                        1668330597.9509361,
                        2160980089215208
                    ],
                    "sub": []
                },
                {
                    "stat": [
                        "doPostDesignResolutionToVir2Vcs",
                        "entry",
                        0.17883586883544922,
                        0.033473000000000003,
                        0.025940000000000001,
                        211436,
                        211940,
                        0.0,
                        0.0,
                        1668330597.951772,
                        2160980091483922
                    ],
                    "sub": [
                        {
                            "stat": [
                                "doUptoVir2VcsNoSepCleanup",
                                "entry",
                                0.18152284622192383,
                                0.033473000000000003,
                                0.028627,
                                212596,
                                212596,
                                0.0,
                                0.0,
                                1668330597.954459,
                                2160980098595742
                            ],
                            "sub": []
                        },
                        {
                            "stat": [
                                "doUptoVir2VcsNoSepCleanup",
                                "exit",
                                0.21608281135559082,
                                0.040266000000000003,
                                0.040266000000000003,
                                214232,
                                226568,
                                0.007528,
                                0.0077470000000000004,
                                1668330597.9890189,
                                2160980191543476
                            ],
                            "sub": []
                        },
                        {
                            "stat": [
                                "doRadify_vir2vcsAll",
                                "entry",
                                0.21614480018615723,
                                0.040296999999999999,
                                0.040296999999999999,
                                214232,
                                226568,
                                0.007528,
                                0.0077470000000000004,
                                1668330597.9890809,
                                2160980191642838
                            ],
                            "sub": []
                        },
                        {
                            "stat": [
                                "doRadify_vir2vcsAll",
                                "exit",
                                0.21906185150146484,
                                0.043214000000000002,
                                0.040296999999999999,
                                214232,
                                226568,
                                0.007528,
                                0.0077470000000000004,
                                1668330597.991998,
                                2160980199533816
                            ],
                            "sub": []
                        }
                    ]
                },
                {
                    "stat": [
                        "doPostDesignResolutionToVir2Vcs",
                        "exit",
                        0.21909999847412109,
                        0.043253,
                        0.040296999999999999,
                        214232,
                        226568,
                        0.007528,
                        0.0077470000000000004,
                        1668330597.9920361,
                        2160980199580468
                    ],
                    "sub": []
                },
                {
                    "stat": [
                        "doGAToPass2",
                        "entry",
                        0.2191159725189209,
                        0.043270000000000003,
                        0.040296999999999999,
                        214232,
                        226568,
                        0.007528,
                        0.0077470000000000004,
                        1668330597.9920521,
                        2160980199615652
                    ],
                    "sub": [
                        {
                            "stat": [
                                "DoPass2",
                                "entry",
                                0.24704480171203613,
                                0.043270000000000003,
                                0.041967999999999998,
                                212676,
                                226568,
                                0.024046999999999999,
                                0.017285999999999999,
                                1668330598.0199809,
                                2160980274767528
                            ],
                            "sub": []
                        },
                        {
                            "stat": [
                                "DoPass2",
                                "exit",
                                0.28838896751403809,
                                0.069586999999999996,
                                0.054122999999999998,
                                222224,
                                226568,
                                0.026827,
                                0.017285999999999999,
                                1668330598.0613251,
                                2160980385861817
                            ],
                            "sub": []
                        }
                    ]
                },
                {
                    "stat": [
                        "doGAToPass2",
                        "exit",
                        0.29166793823242188,
                        0.069586999999999996,
                        0.057401000000000001,
                        222224,
                        226568,
                        0.026827,
                        0.017285999999999999,
                        1668330598.064604,
                        2160980394739351
                    ],