{
    "cycles_program_begin": 1882443163489790,
    "cpu_cycles_pass2_start": 1882454442598248,
    "NameTable": {
        "tb_cla": [
            "tb_cla",
            "aNPza",
            "module",
            1
        ],
        "...MASTER...": [
            "SIM",
            "amcQw",
            "module",
            2
        ]
    },
    "CompileProcesses": [
        "cgproc.222276.json"
    ],
    "perf": [
        {
            "stat": [
                "main",
                "entry",
                0.011603832244873047,
                0.023616999999999999,
                0.0078720000000000005,
                200732,
                200732,
                0.0,
                0.0,
                1666513326.5258009,
                1882443163760805
            ],
            "sub": [
                {
                    "stat": [
                        "doParsingAndDesignResolution",
                        "entry",
                        4.1544649600982666,
                        0.033117000000000001,
                        0.0094619999999999999,
                        210604,
                        211404,
                        0.0,
                        0.0,
                        1666513330.6686621,
                        1882454299697835
                    ],
                    "sub": []
                },
                {
                    "stat": [
                        "doParsingAndDesignResolution",
                        "exit",
                        4.1573858261108398,
                        0.033117000000000001,
                        0.012382000000000001,
                        211376,
                        212024,
                        0.0,
                        0.0,
                        1666513330.6715829,
                        1882454307564878
                    ],
                    "sub": []
                },
                {
                    "stat": [
                        "doPostDesignResolutionToVir2Vcs",
                        "entry",
                        4.1581339836120605,
                        0.033117000000000001,
                        0.013129999999999999,
                        211376,
                        212024,
                        0.0,
                        0.0,
                        1666513330.6723311,
                        1882454309553453
                    ],
                    "sub": [
                        {
                            "stat": [
                                "doUptoVir2VcsNoSepCleanup",
                                "entry",
                                4.1602518558502197,
                                0.033117000000000001,
                                0.015249,
                                212508,
                                212508,
                                0.0,
                                0.0,
                                1666513330.674449,
                                1882454315244354
                            ],
                            "sub": []
                        },
                        {
                            "stat": [
                                "doUptoVir2VcsNoSepCleanup",
                                "exit",
                                4.1877729892730713,
                                0.047434999999999998,
                                0.017249,
                                214200,
                                226536,
                                0.0057660000000000003,
                                0.005176,
                                1666513330.7019701,
                                1882454389264775
                            ],
                            "sub": []
                        },
                        {
                            "stat": [
                                "doRadify_vir2vcsAll",
                                "entry",
                                4.1878318786621094,
                                0.047479,
                                0.017264999999999999,
                                214200,
                                226536,
                                0.0057660000000000003,
                                0.005176,
                                1666513330.702029,
                                1882454389360107
                            ],
                            "sub": []
                        },
                        {
                            "stat": [
                                "doRadify_vir2vcsAll",
                                "exit",
                                4.1896238327026367,
                                0.048793000000000003,
                                0.017742999999999998,
                                214200,
                                226536,
                                0.0057660000000000003,
                                0.005176,
                                1666513330.7038209,
                                1882454394221100
                            ],
                            "sub": []
                        }
                    ]
                },
                {
                    "stat": [
                        "doPostDesignResolutionToVir2Vcs",
                        "exit",
                        4.1896598339080811,
                        0.048821000000000003,
                        0.017753000000000001,
                        214200,
                        226536,
                        0.0057660000000000003,
                        0.005176,
                        1666513330.7038569,
                        1882454394271086
                    ],
                    "sub": []
                },
                {
                    "stat": [
                        "doGAToPass2",
                        "entry",
                        4.1896770000457764,
                        0.048833000000000001,
                        0.017756999999999998,
                        214200,
                        226536,
                        0.0057660000000000003,
                        0.005176,
                        1666513330.7038741,
                        1882454394310148
                    ],
                    "sub": [
                        {
                            "stat": [
                                "DoPass2",
                                "entry",
                                4.2076218128204346,
                                0.049672000000000001,
                                0.018062000000000002,
                                212644,
                                226536,
                                0.015217,
                                0.012939000000000001,
                                1666513330.7218189,
                                1882454442589292
                            ],
                            "sub": []
                        },
                        {
                            "stat": [
                                "DoPass2",
                                "exit",
                                4.2237999439239502,
                                0.053713999999999998,
                                0.02845,
                                218088,
                                226536,
                                0.016775000000000002,
                                0.012939000000000001,
                                1666513330.7379971,
                                1882454486068237
                            ],